{
"Hi":"*හායි ළමයෝ ඔයාට කොහොම ද?🤗🤍*",
"Good Morning":"*Good Morning ළමයෝ ☺️*",
"Good Night":"*Good Night.. බබා බුදුසරණයි Tc 🤭*",
"Bye":"*Bye bye Online ආවහම massage එකක් දාන්න..😇*",
"Gm":"*Good Morning ළමයෝ ☺️*",
"Gn":"*Good Night.. බබා බුදුසරණයි Tc 🤭*",
"owner":"*TECH SHAN🫀",
"Mk":"මුකුත් නෑ අනේ ඔයා මොකද කරන්නේ 😊💞",
"Mokad karanne":"මුකුත් නෑ අනේ ඔයා මොකද කරන්නේ 😊💞",
"mn":"*Hm hmmm..😇*",
"Hm":"*මොකද හ්ම්ම් ගාන්නේ බස්සෙකද 😩😗*"
}
