{
"bye":"https://github.com/XdTechPro/KHAN-DATA/raw/refs/heads/main/autosticker/STK-20241108-WA0028.webp",
"love":"https://github.com/XdTechPro/KHAN-DATA/raw/refs/heads/main/autosticker/STK-20241110-WA0007.webp",
"jawad":"https://github.com/XdTechPro/KHAN-DATA/raw/refs/heads/main/autosticker/STK-20241110-WA0008.webp", 
"khan":"https://github.com/XdTechPro/KHAN-DATA/raw/refs/heads/main/autosticker/STK-20241110-WA0004.webp",
"hi":"https://github.com/XdTechPro/KHAN-DATA/raw/refs/heads/main/autosticker/STK-20241110-WA0002.webp"
}
