{
    "Gm":"https://github.com/TECH-HORIZON-OWNER/PROJECT-FSD/raw/refs/heads/main/audio/Gm.aac",
    "Good morning":"https://github.com/TECH-HORIZON-OWNER/PROJECT-FSD/raw/refs/heads/main/audio/Gm.aac",
    "Good night":"https://github.com/TECH-HORIZON-OWNER/PROJECT-FSD/raw/refs/heads/main/audio/Gn.aac",
    "Gn":"https://github.com/TECH-HORIZON-OWNER/PROJECT-FSD/raw/refs/heads/main/audio/Gn.aac",
    "Mk":"https://github.com/TECH-HORIZON-OWNER/PROJECT-FSD/raw/refs/heads/main/audio/mk.aac",
    "mokad karanne":"https://github.com/TECH-HORIZON-OWNER/PROJECT-FSD/raw/refs/heads/main/audio/mk.aac",
    "Hi":"https://github.com/TECH-HORIZON-OWNER/PROJECT-FSD/raw/refs/heads/main/audio/Hi.aac",
    "Hy":"https://github.com/TECH-HORIZON-OWNER/PROJECT-FSD/raw/refs/heads/main/audio/Hi.aac",
    "bye":"https://github.com/TECH-HORIZON-OWNER/PROJECT-FSD/raw/refs/heads/main/audio/bye.aac"
}
